<?xml version="1.0" encoding="UTF-8"?>
<project-private xmlns="http://www.netbeans.org/ns/project-private/1">
    <editor-bookmarks xmlns="http://www.netbeans.org/ns/editor-bookmarks/2" lastBookmarkId="0"/>
    <open-files xmlns="http://www.netbeans.org/ns/projectui-open-files/2">
        <group>
            <file>file:/C:/Users/jdani/Documents/FCFM/Segundo%20semestre/Laboratorio%20Diseño%20Orientado%20a%20Objetos/Practica%203/Servlet/src/java/Servlet/Servlet.java</file>
            <file>file:/C:/Users/jdani/Documents/FCFM/Segundo%20semestre/Laboratorio%20Diseño%20Orientado%20a%20Objetos/Practica%203/Servlet/web/index.html</file>
        </group>
    </open-files>
</project-private>
